Source;Target;Weight
KNOWLEDGE-RELATED;COLLABORATIVE LEARNING;16
LA/EDM;COLLABORATIVE LEARNING;46
TEACHER-RELATED;COLLABORATIVE LEARNING;28
ONLINE LEARNING;COLLABORATIVE LEARNING;42
SOCIAL NETWORK;COLLABORATIVE LEARNING;16
INTERACTION;COLLABORATIVE LEARNING;44
HIGHER EDUCATION;COLLABORATIVE LEARNING;14
CONTENT/TEXT ANALYSIS;COLLABORATIVE LEARNING;26
FORUM;COLLABORATIVE LEARNING;14
COMMUNITY OF LEARNERS;COLLABORATIVE LEARNING;32
CENTRALITY;COLLABORATIVE LEARNING;10
LEARNING MANAGEMENT SYSTEM;COLLABORATIVE LEARNING;34
DESIGN-RELATED;COLLABORATIVE LEARNING;12
PARTICIPATION;COLLABORATIVE LEARNING;10
ASSESSMENT;COLLABORATIVE LEARNING;22
EPISTEMIC NETWORK ANALYSIS;COLLABORATIVE LEARNING;20
COLLABORATION;COLLABORATIVE LEARNING;18
COMPUTER MEDIATED COMMUNICATION;COLLABORATIVE LEARNING;26
TEACHER-RELATED;KNOWLEDGE-RELATED;16
ONLINE LEARNING;KNOWLEDGE-RELATED;14
SOCIAL NETWORK;KNOWLEDGE-RELATED;20
INTERACTION;KNOWLEDGE-RELATED;18
CONTENT/TEXT ANALYSIS;KNOWLEDGE-RELATED;24
COMMUNITY OF LEARNERS;KNOWLEDGE-RELATED;12
CENTRALITY;KNOWLEDGE-RELATED;16
LEARNING MANAGEMENT SYSTEM;KNOWLEDGE-RELATED;16
VISUALIZATION;KNOWLEDGE-RELATED;10
ONLINE COMMUNITY;KNOWLEDGE-RELATED;12
ONLINE LEARNING;LA/EDM;38
SOCIAL NETWORK;LA/EDM;24
INTERACTION;LA/EDM;10
HIGHER EDUCATION;LA/EDM;12
CONTENT/TEXT ANALYSIS;LA/EDM;24
FORUM;LA/EDM;26
COMMUNITY OF LEARNERS;LA/EDM;10
SOCIAL MEDIA;LA/EDM;10
LEARNING MANAGEMENT SYSTEM;LA/EDM;26
ACADEMIC ACHIEVEMENT;LA/EDM;20
MOOC;LA/EDM;16
VISUALIZATION;LA/EDM;32
DESIGN-RELATED;LA/EDM;14
EPISTEMIC NETWORK ANALYSIS;LA/EDM;12
COLLABORATION;LA/EDM;12
SOCIAL LEARNING;LA/EDM;14
ONLINE LEARNING;TEACHER-RELATED;16
SOCIAL NETWORK;TEACHER-RELATED;10
INTERACTION;TEACHER-RELATED;12
HIGHER EDUCATION;TEACHER-RELATED;22
CONTENT/TEXT ANALYSIS;TEACHER-RELATED;14
COMMUNITY OF LEARNERS;TEACHER-RELATED;16
LEARNING MANAGEMENT SYSTEM;TEACHER-RELATED;10
SOCIAL CAPITAL;TEACHER-RELATED;10
DESIGN-RELATED;TEACHER-RELATED;10
COMPUTER MEDIATED COMMUNICATION;TEACHER-RELATED;14
LEADERSHIP;TEACHER-RELATED;14
PROFESSIONAL DEVELOPMENT;TEACHER-RELATED;16
SOCIAL NETWORK;ONLINE LEARNING;22
INTERACTION;ONLINE LEARNING;26
HIGHER EDUCATION;ONLINE LEARNING;18
CONTENT/TEXT ANALYSIS;ONLINE LEARNING;28
FORUM;ONLINE LEARNING;28
COMMUNITY OF LEARNERS;ONLINE LEARNING;54
LEARNING MANAGEMENT SYSTEM;ONLINE LEARNING;36
ACADEMIC ACHIEVEMENT;ONLINE LEARNING;10
VISUALIZATION;ONLINE LEARNING;14
DESIGN-RELATED;ONLINE LEARNING;16
ASSESSMENT;ONLINE LEARNING;10
COMPUTER MEDIATED COMMUNICATION;ONLINE LEARNING;16
HIGHER EDUCATION;SOCIAL NETWORK;24
COMMUNITY OF LEARNERS;SOCIAL NETWORK;12
CENTRALITY;SOCIAL NETWORK;16
ACADEMIC ACHIEVEMENT;SOCIAL NETWORK;36
SOCIAL CAPITAL;SOCIAL NETWORK;12
FRIENDSHIP;SOCIAL NETWORK;10
RELATIONSHIP;SOCIAL NETWORK;12
COMPUTER MEDIATED COMMUNICATION;SOCIAL NETWORK;16
PROFESSIONAL DEVELOPMENT;SOCIAL NETWORK;10
COMMUNITY DETECTION;SOCIAL NETWORK;12
CONTENT/TEXT ANALYSIS;INTERACTION;24
FORUM;INTERACTION;32
COMMUNITY OF LEARNERS;INTERACTION;14
CENTRALITY;INTERACTION;12
LEARNING MANAGEMENT SYSTEM;INTERACTION;16
MOOC;INTERACTION;20
PARTICIPATION;INTERACTION;10
COMMUNITY OF LEARNERS;HIGHER EDUCATION;16
SOCIAL MEDIA;HIGHER EDUCATION;18
LEARNING MANAGEMENT SYSTEM;HIGHER EDUCATION;12
ACADEMIC ACHIEVEMENT;HIGHER EDUCATION;12
RELATIONSHIP;HIGHER EDUCATION;10
MIXED METHODS;HIGHER EDUCATION;10
EDUCATION;HIGHER EDUCATION;10
FORUM;CONTENT/TEXT ANALYSIS;18
COMMUNITY OF LEARNERS;CONTENT/TEXT ANALYSIS;24
EPISTEMIC NETWORK ANALYSIS;CONTENT/TEXT ANALYSIS;14
COMMUNITY OF LEARNERS;FORUM;12
CENTRALITY;FORUM;10
LEARNING MANAGEMENT SYSTEM;FORUM;22
MOOC;FORUM;28
VISUALIZATION;FORUM;12
PARTICIPATION;FORUM;22
SOCIAL MEDIA;COMMUNITY OF LEARNERS;16
LEARNING MANAGEMENT SYSTEM;COMMUNITY OF LEARNERS;10
COMPUTER MEDIATED COMMUNICATION;COMMUNITY OF LEARNERS;16
ONLINE COMMUNITY;COMMUNITY OF LEARNERS;10
ACADEMIC ACHIEVEMENT;CENTRALITY;12
VISUALIZATION;LEARNING MANAGEMENT SYSTEM;10
COMPUTER MEDIATED COMMUNICATION;LEARNING MANAGEMENT SYSTEM;16
MOOC;ACADEMIC ACHIEVEMENT;10
FRIENDSHIP;ACADEMIC ACHIEVEMENT;16
PARTICIPATION;MOOC;12
COMMUNITY DETECTION;MOOC;10
RELATIONSHIP;FRIENDSHIP;12
ADOLESCENT;FRIENDSHIP;16
ONLINE COMMUNITY;COMPUTER MEDIATED COMMUNICATION;10